"","hsa-miR-1827","hsa-miR-323a-3p","hsa-miR-449b-5p","hsa-miR-4774-3p","hsa-miR-491-3p","hsa-miR-5681b","hsa-miR-892b"
"cellular senescence",-1.90770086017673,-1.84616178569857,-1.98032166388267,-1.72366857505977,-1.83445360472072,NA,-1.96877716580206
