"","hsa-miR-1827","hsa-miR-323a-3p","hsa-miR-449b-5p","hsa-miR-4774-3p","hsa-miR-491-3p","hsa-miR-5681b","hsa-miR-892b"
"cytoskeleton-dependent cytokinesis (go:0061640)",-2.75683850763367,-2.38119044101778,-2.64494404608723,-2.22020011544501,-2.3660474013249,-2.32621927204519,-2.52504601074868
"microtubule cytoskeleton organization involved in mitosis (go:1902850)",-3.46464058761466,-3.09084654046277,-3.3532988525958,-2.68666583806746,-2.9747255216803,-2.81829814008611,-3.08733066968898
