"","hsa-miR-1827","hsa-miR-323a-3p","hsa-miR-449b-5p","hsa-miR-4774-3p","hsa-miR-491-3p","hsa-miR-5681b","hsa-miR-892b"
"cellular senescence",-1.91303751660251,NA,-2.15402846499891,NA,-1.96996186698024,NA,-1.95480703952615
